-- phpMyAdmin SQL Dump
-- version 4.6.5.2
-- https://www.phpmyadmin.net/
--
-- Host: 127.0.0.1
-- Generation Time: 28 Des 2017 pada 23.15
-- Versi Server: 10.1.21-MariaDB
-- PHP Version: 5.6.30

SET SQL_MODE = "NO_AUTO_VALUE_ON_ZERO";
SET time_zone = "+00:00";


/*!40101 SET @OLD_CHARACTER_SET_CLIENT=@@CHARACTER_SET_CLIENT */;
/*!40101 SET @OLD_CHARACTER_SET_RESULTS=@@CHARACTER_SET_RESULTS */;
/*!40101 SET @OLD_COLLATION_CONNECTION=@@COLLATION_CONNECTION */;
/*!40101 SET NAMES utf8mb4 */;

--
-- Database: `vatout_waskita`
--

-- --------------------------------------------------------

USE `test_waskita`

--
-- Struktur dari tabel `ability`
--

CREATE TABLE `ability` (
  `id` int(11) NOT NULL,
  `role` int(11) DEFAULT NULL,
  `rule` int(11) DEFAULT NULL
) ENGINE=InnoDB DEFAULT CHARSET=latin1;

--
-- Dumping data untuk tabel `ability`
--

INSERT INTO `ability` (`id`, `role`, `rule`) VALUES
(1, 1, 1),
(2, 1, 2),
(3, 1, 3),
(4, 1, 4),
(5, 1, 5),
(6, 1, 6),
(7, 1, 7),
(8, 1, 8),
(9, 2, 3),
(10, 2, 5),
(11, 1, 9),
(12, 1, 10),
(13, 1, 11),
(14, 1, 12),
(15, 1, 13),
(16, 1, 14),
(17, 1, 15);

-- --------------------------------------------------------

--
-- Struktur dari tabel `arranger`
--

CREATE TABLE `arranger` (
  `id` int(11) NOT NULL,
  `role` int(11) DEFAULT NULL,
  `user` int(11) DEFAULT NULL
) ENGINE=InnoDB DEFAULT CHARSET=latin1;

--
-- Dumping data untuk tabel `arranger`
--

INSERT INTO `arranger` (`id`, `role`, `user`) VALUES
(1, 1, 1),
(2, 2, 2),
(3, 2, 5),
(4, 2, 3);

-- --------------------------------------------------------

--
-- Struktur dari tabel `auth_assignment`
--

CREATE TABLE `auth_assignment` (
  `item_name` varchar(64) COLLATE utf8_unicode_ci NOT NULL,
  `user_id` varchar(64) COLLATE utf8_unicode_ci NOT NULL,
  `created_at` int(11) DEFAULT NULL
) ENGINE=InnoDB DEFAULT CHARSET=utf8 COLLATE=utf8_unicode_ci;

--
-- Dumping data untuk tabel `auth_assignment`
--

INSERT INTO `auth_assignment` (`item_name`, `user_id`, `created_at`) VALUES
('admin', '1', NULL);

-- --------------------------------------------------------

--
-- Struktur dari tabel `auth_item`
--

CREATE TABLE `auth_item` (
  `name` varchar(64) COLLATE utf8_unicode_ci NOT NULL,
  `type` smallint(6) NOT NULL,
  `description` text COLLATE utf8_unicode_ci,
  `rule_name` varchar(64) COLLATE utf8_unicode_ci DEFAULT NULL,
  `data` blob,
  `created_at` int(11) DEFAULT NULL,
  `updated_at` int(11) DEFAULT NULL
) ENGINE=InnoDB DEFAULT CHARSET=utf8 COLLATE=utf8_unicode_ci;

--
-- Dumping data untuk tabel `auth_item`
--

INSERT INTO `auth_item` (`name`, `type`, `description`, `rule_name`, `data`, `created_at`, `updated_at`) VALUES
('/pph-bukti-potong/index', 2, NULL, NULL, NULL, 1504567235, 1504567235),
('admin', 0, NULL, NULL, NULL, NULL, NULL);

-- --------------------------------------------------------

--
-- Struktur dari tabel `auth_item_child`
--

CREATE TABLE `auth_item_child` (
  `parent` varchar(64) COLLATE utf8_unicode_ci NOT NULL,
  `child` varchar(64) COLLATE utf8_unicode_ci NOT NULL
) ENGINE=InnoDB DEFAULT CHARSET=utf8 COLLATE=utf8_unicode_ci;

--
-- Dumping data untuk tabel `auth_item_child`
--

INSERT INTO `auth_item_child` (`parent`, `child`) VALUES
('admin', '/pph-bukti-potong/index');

-- --------------------------------------------------------

--
-- Struktur dari tabel `auth_rule`
--

CREATE TABLE `auth_rule` (
  `name` varchar(64) COLLATE utf8_unicode_ci NOT NULL,
  `data` blob,
  `created_at` int(11) DEFAULT NULL,
  `updated_at` int(11) DEFAULT NULL
) ENGINE=InnoDB DEFAULT CHARSET=utf8 COLLATE=utf8_unicode_ci;

-- --------------------------------------------------------

--
-- Struktur dari tabel `master_iujk`
--

CREATE TABLE `master_iujk` (
  `iujkId` int(11) NOT NULL,
  `nomorIujk` varchar(32) DEFAULT NULL,
  `validDate` date DEFAULT NULL,
  `userId` int(11) DEFAULT NULL,
  `parentId` int(11) DEFAULT NULL,
  `tarifId` int(2) DEFAULT NULL
) ENGINE=MyISAM DEFAULT CHARSET=latin1;

-- --------------------------------------------------------

--
-- Struktur dari tabel `master_pegawai`
--

CREATE TABLE `master_pegawai` (
  `pegawaiId` int(11) NOT NULL,
  `nama` varchar(64) DEFAULT NULL,
  `jabatan` varchar(64) DEFAULT NULL,
  `nip` varchar(32) DEFAULT NULL,
  `nik` varchar(32) DEFAULT NULL,
  `npwp` varchar(32) DEFAULT NULL,
  `alamat` varchar(1000) DEFAULT NULL,
  `jenisKelamin` tinyint(1) DEFAULT NULL,
  `statusPerkawinan` tinyint(1) DEFAULT NULL,
  `statusKerjaId` int(11) DEFAULT NULL,
  `userId` int(11) DEFAULT NULL,
  `created_at` datetime DEFAULT NULL,
  `created_by` int(11) DEFAULT NULL,
  `updated_at` datetime DEFAULT NULL,
  `updated_by` int(11) DEFAULT NULL,
  `jumlahBruto` decimal(30,0) DEFAULT NULL,
  `jumlahPph` decimal(30,0) DEFAULT NULL
) ENGINE=InnoDB DEFAULT CHARSET=latin1;

-- --------------------------------------------------------

--
-- Struktur dari tabel `master_penghasilan`
--

CREATE TABLE `master_penghasilan` (
  `penghasilanId` int(11) NOT NULL,
  `pegawaiId` int(11) DEFAULT NULL,
  `masaPajak` varchar(2) DEFAULT NULL,
  `tahunPajak` varchar(4) DEFAULT NULL,
  `kodePajak` varchar(32) DEFAULT NULL,
  `bruto` decimal(30,0) DEFAULT NULL,
  `pph` decimal(30,0) DEFAULT NULL,
  `jenisPenghasilanId` int(11) DEFAULT NULL,
  `userId` int(11) DEFAULT NULL,
  `created_at` datetime DEFAULT NULL,
  `created_by` int(11) DEFAULT NULL,
  `updated_at` datetime DEFAULT NULL,
  `updated_by` int(11) DEFAULT NULL
) ENGINE=InnoDB DEFAULT CHARSET=latin1;

-- --------------------------------------------------------

--
-- Struktur dari tabel `menu`
--

CREATE TABLE `menu` (
  `id` int(11) NOT NULL,
  `name` varchar(128) NOT NULL,
  `parent` int(11) DEFAULT NULL,
  `route` varchar(255) DEFAULT NULL,
  `order` int(11) DEFAULT NULL,
  `data` blob
) ENGINE=InnoDB DEFAULT CHARSET=utf8;

-- --------------------------------------------------------

--
-- Struktur dari tabel `migration`
--

CREATE TABLE `migration` (
  `version` varchar(180) NOT NULL,
  `apply_time` int(11) DEFAULT NULL
) ENGINE=InnoDB DEFAULT CHARSET=latin1;

--
-- Dumping data untuk tabel `migration`
--

INSERT INTO `migration` (`version`, `apply_time`) VALUES
('m000000_000000_base', 1503131286),
('m140506_102106_rbac_init', 1503131290);

-- --------------------------------------------------------

--
-- Struktur dari tabel `options`
--

CREATE TABLE `options` (
  `optionsId` int(11) NOT NULL,
  `name` varchar(32) DEFAULT NULL,
  `value` tinyint(1) DEFAULT NULL
) ENGINE=InnoDB DEFAULT CHARSET=latin1;

--
-- Dumping data untuk tabel `options`
--

INSERT INTO `options` (`optionsId`, `name`, `value`) VALUES
(1, 'Validasi Bukti Potong', 2);

-- --------------------------------------------------------

--
-- Struktur dari tabel `pph_berkas`
--

CREATE TABLE `pph_berkas` (
  `berkasId` int(11) NOT NULL,
  `berkas` blob,
  `userId` int(11) DEFAULT NULL,
  `parentId` int(11) DEFAULT NULL,
  `created_at` datetime DEFAULT NULL,
  `created_by` varchar(64) DEFAULT NULL,
  `is_exported` tinyint(1) DEFAULT NULL,
  `bulan` int(2) DEFAULT NULL,
  `tahun` varchar(4) DEFAULT NULL,
  `jenisBerkas` int(1) DEFAULT NULL
) ENGINE=InnoDB DEFAULT CHARSET=latin1;

-- --------------------------------------------------------

--
-- Struktur dari tabel `pph_bujpk`
--

CREATE TABLE `pph_bujpk` (
  `bujpkId` int(11) NOT NULL,
  `nomorBujpk` varchar(32) DEFAULT NULL,
  `wajibPajakId` int(11) DEFAULT NULL,
  `penanggungJawab` varchar(32) DEFAULT NULL,
  `kemampuanKeuangan` decimal(30,0) DEFAULT NULL,
  `published_at` date DEFAULT NULL,
  `expired_at` date DEFAULT NULL,
  `created_at` datetime DEFAULT NULL,
  `created_by` int(11) DEFAULT NULL,
  `updated_at` datetime DEFAULT NULL,
  `updated_by` int(11) DEFAULT NULL,
  `bukti` longblob,
  `keterangan` varchar(2048) DEFAULT NULL,
  `is_active` tinyint(1) DEFAULT NULL,
  `is_approve` tinyint(1) DEFAULT NULL,
  `is_expired` tinyint(1) DEFAULT NULL,
  `tingkatKeuangan` int(1) DEFAULT NULL,
  `is_expired_warning` tinyint(1) DEFAULT NULL
) ENGINE=InnoDB DEFAULT CHARSET=latin1;

-- --------------------------------------------------------

--
-- Struktur dari tabel `pph_bukti_potong`
--

CREATE TABLE `pph_bukti_potong` (
  `buktiPotongId` int(11) NOT NULL,
  `nomorPembukuan` varchar(64) DEFAULT NULL,
  `nomorBuktiPotong` varchar(64) DEFAULT NULL,
  `tanggal` date DEFAULT NULL,
  `jumlahBruto` decimal(30,0) DEFAULT NULL,
  `jumlahPphDiPotong` decimal(30,0) DEFAULT NULL,
  `pasalId` int(1) DEFAULT NULL,
  `wajibPajakId` int(11) DEFAULT NULL,
  `statusWpId` int(1) DEFAULT NULL,
  `statusNpwpId` int(1) DEFAULT NULL,
  `userId` int(11) DEFAULT NULL,
  `parentId` int(11) DEFAULT NULL,
  `created_at` datetime DEFAULT NULL,
  `created_by` int(11) DEFAULT NULL,
  `updated_at` datetime DEFAULT NULL,
  `updated_by` int(11) DEFAULT NULL,
  `nama` varchar(128) DEFAULT NULL,
  `alamat` varchar(1000) DEFAULT NULL,
  `is_calendar_close` int(1) DEFAULT NULL,
  `lokasi_tanah` varchar(128) DEFAULT NULL
) ENGINE=InnoDB DEFAULT CHARSET=latin1;

-- --------------------------------------------------------

--
-- Struktur dari tabel `pph_calendar`
--

CREATE TABLE `pph_calendar` (
  `calendarId` int(11) NOT NULL,
  `startDate` date DEFAULT NULL,
  `endDate` date DEFAULT NULL,
  `calendarNote` varchar(1000) DEFAULT NULL,
  `created_at` datetime DEFAULT NULL,
  `created_by` int(11) DEFAULT NULL,
  `status` int(1) DEFAULT NULL,
  `statusBP` tinyint(1) DEFAULT NULL,
  `statusBP_23` tinyint(1) DEFAULT NULL,
  `statusBP_4` tinyint(1) DEFAULT NULL,
  `is_permanent_close` tinyint(1) DEFAULT NULL
) ENGINE=InnoDB DEFAULT CHARSET=latin1;

--
-- Dumping data untuk tabel `pph_calendar`
--

INSERT INTO `pph_calendar` (`calendarId`, `startDate`, `endDate`, `calendarNote`, `created_at`, `created_by`, `status`, `statusBP`, `statusBP_23`, `statusBP_4`, `is_permanent_close`) VALUES
(1, '2017-08-01', '2017-08-30', 'Agustus', '2017-09-21 23:42:39', 1, 0, NULL, NULL, NULL, 0),
(2, '2017-10-01', '2017-10-26', 'Oktober', '2017-09-22 03:16:26', 1, 1, 1, NULL, NULL, 0),
(3, '2017-09-01', '2017-09-30', 'September', '2017-09-07 04:36:23', 1, 0, NULL, NULL, NULL, 1),
(4, '2017-07-01', '2017-07-31', 'Juli', '2017-10-15 18:10:12', 1, 1, NULL, NULL, NULL, 0),
(5, '2017-11-01', '2017-11-30', 'Nopember', '2017-12-14 12:03:20', 1, 0, NULL, NULL, NULL, 0);

-- --------------------------------------------------------

--
-- Struktur dari tabel `pph_iujk`
--

CREATE TABLE `pph_iujk` (
  `iujkId` int(11) NOT NULL,
  `nomorIujk` varchar(32) DEFAULT NULL,
  `wajibPajakId` int(11) DEFAULT NULL,
  `penanggungJawab` varchar(32) DEFAULT NULL,
  `kemampuanKeuangan` decimal(30,0) DEFAULT NULL,
  `published_at` date DEFAULT NULL,
  `expired_at` date DEFAULT NULL,
  `created_at` datetime DEFAULT NULL,
  `created_by` int(11) DEFAULT NULL,
  `updated_at` datetime DEFAULT NULL,
  `updated_by` int(11) DEFAULT NULL,
  `bukti` longblob,
  `keterangan` varchar(2048) DEFAULT NULL,
  `is_active` tinyint(1) DEFAULT NULL,
  `is_approve` tinyint(1) DEFAULT NULL,
  `is_expired` tinyint(1) DEFAULT NULL,
  `tingkatKeuangan` int(1) DEFAULT NULL,
  `is_expired_warning` tinyint(1) DEFAULT NULL
) ENGINE=MyISAM DEFAULT CHARSET=latin1;

-- --------------------------------------------------------

--
-- Struktur dari tabel `pph_jasa_konstruksi`
--

CREATE TABLE `pph_jasa_konstruksi` (
  `jasaKonstruksiId` int(11) NOT NULL,
  `status` varchar(128) DEFAULT NULL,
  `tarifId` int(2) DEFAULT NULL,
  `userId` int(11) DEFAULT NULL,
  `parentId` int(11) DEFAULT NULL
) ENGINE=MyISAM DEFAULT CHARSET=latin1;

-- --------------------------------------------------------

--
-- Struktur dari tabel `pph_jenis_bisnis`
--

CREATE TABLE `pph_jenis_bisnis` (
  `jenisBisnisId` int(11) NOT NULL,
  `jenisBisnis` varchar(512) DEFAULT NULL,
  `userId` int(11) DEFAULT NULL,
  `parentId` int(11) DEFAULT NULL
) ENGINE=MyISAM DEFAULT CHARSET=latin1;

-- --------------------------------------------------------

--
-- Struktur dari tabel `pph_jenis_kelamin`
--

CREATE TABLE `pph_jenis_kelamin` (
  `jenisKelaminId` int(11) NOT NULL,
  `jenis` varchar(32) DEFAULT NULL
) ENGINE=InnoDB DEFAULT CHARSET=latin1;

--
-- Dumping data untuk tabel `pph_jenis_kelamin`
--

INSERT INTO `pph_jenis_kelamin` (`jenisKelaminId`, `jenis`) VALUES
(1, 'Laki - Laki'),
(2, 'Perempuan'),
(3, 'Tidak Diketahui');

-- --------------------------------------------------------

--
-- Struktur dari tabel `pph_jenis_penghasilan`
--

CREATE TABLE `pph_jenis_penghasilan` (
  `jenisPenghasilanId` int(11) NOT NULL,
  `nama` varchar(32) DEFAULT NULL
) ENGINE=InnoDB DEFAULT CHARSET=latin1;

--
-- Dumping data untuk tabel `pph_jenis_penghasilan`
--

INSERT INTO `pph_jenis_penghasilan` (`jenisPenghasilanId`, `nama`) VALUES
(1, 'Gaji Pokok'),
(2, 'Bonus'),
(100, 'Tidak Diketahui');

-- --------------------------------------------------------

--
-- Struktur dari tabel `pph_jenis_wajib_pajak`
--

CREATE TABLE `pph_jenis_wajib_pajak` (
  `jenisWajibPajakId` int(11) NOT NULL,
  `nama` varchar(32) DEFAULT NULL
) ENGINE=InnoDB DEFAULT CHARSET=latin1;

--
-- Dumping data untuk tabel `pph_jenis_wajib_pajak`
--

INSERT INTO `pph_jenis_wajib_pajak` (`jenisWajibPajakId`, `nama`) VALUES
(1, 'Individu'),
(2, 'Perusahaan');

-- --------------------------------------------------------

--
-- Struktur dari tabel `pph_masa`
--

CREATE TABLE `pph_masa` (
  `masaId` int(11) NOT NULL,
  `nama` varchar(32) DEFAULT NULL
) ENGINE=InnoDB DEFAULT CHARSET=latin1;

-- --------------------------------------------------------

--
-- Struktur dari tabel `pph_nomor_bukti_potong`
--

CREATE TABLE `pph_nomor_bukti_potong` (
  `nomorBuktiPotongId` int(11) NOT NULL,
  `tahun` varchar(4) DEFAULT NULL,
  `bulan` int(2) DEFAULT NULL,
  `lastNomorBP` varchar(11) DEFAULT NULL,
  `userId` int(11) DEFAULT NULL,
  `created_at` datetime DEFAULT NULL,
  `lastNomorBP_23` varchar(11) DEFAULT NULL,
  `lastNomorBP_4` varchar(11) DEFAULT NULL
) ENGINE=InnoDB DEFAULT CHARSET=latin1;

--
-- Dumping data untuk tabel `pph_nomor_bukti_potong`
--

INSERT INTO `pph_nomor_bukti_potong` (`nomorBuktiPotongId`, `tahun`, `bulan`, `lastNomorBP`, `userId`, `created_at`, `lastNomorBP_23`, `lastNomorBP_4`) VALUES
(15, '2017', 10, '050', 2, '2017-11-20 05:48:48', NULL, NULL),
(34, '2017', 7, '050', 2, '2017-10-15 18:10:43', NULL, NULL),
(35, '2017', 10, '0012', 1, '2017-10-16 06:33:17', NULL, NULL);

-- --------------------------------------------------------

--
-- Struktur dari tabel `pph_pasal`
--

CREATE TABLE `pph_pasal` (
  `pasalId` int(1) NOT NULL,
  `nama` varchar(32) DEFAULT NULL
) ENGINE=MyISAM DEFAULT CHARSET=latin1;

--
-- Dumping data untuk tabel `pph_pasal`
--

INSERT INTO `pph_pasal` (`pasalId`, `nama`) VALUES
(1, 'PPH 21'),
(2, 'PPH 22'),
(3, 'PPH 23'),
(4, 'PPH 4 (2)');

-- --------------------------------------------------------

--
-- Struktur dari tabel `pph_status_kawin`
--

CREATE TABLE `pph_status_kawin` (
  `statusKawinId` int(11) NOT NULL,
  `status` varchar(32) DEFAULT NULL
) ENGINE=InnoDB DEFAULT CHARSET=latin1;

--
-- Dumping data untuk tabel `pph_status_kawin`
--

INSERT INTO `pph_status_kawin` (`statusKawinId`, `status`) VALUES
(1, 'TK'),
(2, 'K/0'),
(3, 'K/1'),
(4, 'K/2'),
(5, 'K/3'),
(6, 'Tidak Diketahui');

-- --------------------------------------------------------

--
-- Struktur dari tabel `pph_status_kerja`
--

CREATE TABLE `pph_status_kerja` (
  `statusKerjaId` int(1) NOT NULL,
  `statusKerja` varchar(64) DEFAULT NULL,
  `tarifId` int(2) DEFAULT NULL,
  `nomor` varchar(32) DEFAULT NULL,
  `userId` int(11) DEFAULT NULL,
  `parentId` int(11) DEFAULT NULL
) ENGINE=MyISAM DEFAULT CHARSET=latin1;

--
-- Dumping data untuk tabel `pph_status_kerja`
--

INSERT INTO `pph_status_kerja` (`statusKerjaId`, `statusKerja`, `tarifId`, `nomor`, `userId`, `parentId`) VALUES
(1, 'Pegawai Tetap', NULL, '21-100.01', 3, 1),
(2, 'Honorer', NULL, '21-100.03', 3, 1),
(3, 'Mandor', NULL, '21-100.08', 3, 1);

-- --------------------------------------------------------

--
-- Struktur dari tabel `pph_status_npwp`
--

CREATE TABLE `pph_status_npwp` (
  `npwpId` int(1) NOT NULL,
  `tarifId` int(2) DEFAULT NULL,
  `userId` int(11) DEFAULT NULL,
  `parentId` int(11) DEFAULT NULL,
  `pasalId` int(1) DEFAULT NULL
) ENGINE=InnoDB DEFAULT CHARSET=latin1;

--
-- Dumping data untuk tabel `pph_status_npwp`
--

INSERT INTO `pph_status_npwp` (`npwpId`, `tarifId`, `userId`, `parentId`, `pasalId`) VALUES
(1, 1, 2, 1, 2),
(2, 2, 2, 1, 2),
(3, 10, 1, 1, 3),
(4, 11, 1, 1, 3);

-- --------------------------------------------------------

--
-- Struktur dari tabel `pph_status_vendor`
--

CREATE TABLE `pph_status_vendor` (
  `statusVendorId` int(11) NOT NULL,
  `tarifId` int(2) DEFAULT NULL,
  `userId` int(11) DEFAULT NULL,
  `parentId` int(11) DEFAULT NULL,
  `pasalId` int(1) DEFAULT NULL
) ENGINE=InnoDB DEFAULT CHARSET=latin1;

--
-- Dumping data untuk tabel `pph_status_vendor`
--

INSERT INTO `pph_status_vendor` (`statusVendorId`, `tarifId`, `userId`, `parentId`, `pasalId`) VALUES
(1, 5, 2, 1, 2),
(2, 3, 1, 1, 4),
(3, 4, 1, 1, 4),
(4, 12, 1, 1, 4);

-- --------------------------------------------------------

--
-- Struktur dari tabel `pph_tarif`
--

CREATE TABLE `pph_tarif` (
  `tarifId` int(2) NOT NULL,
  `status` varchar(64) DEFAULT NULL,
  `tarif` varchar(3) DEFAULT NULL,
  `userId` int(11) DEFAULT NULL,
  `parentId` int(11) DEFAULT NULL,
  `pasalId` int(1) DEFAULT NULL
) ENGINE=MyISAM DEFAULT CHARSET=latin1;

--
-- Dumping data untuk tabel `pph_tarif`
--

INSERT INTO `pph_tarif` (`tarifId`, `status`, `tarif`, `userId`, `parentId`, `pasalId`) VALUES
(1, 'Memiliki NPWP', '1.5', 3, 1, 2),
(2, 'Tidak Memiliki NPWP', '3', 3, 1, 2),
(3, 'Sewa', '10', 3, 1, 4),
(4, 'Jasa', NULL, 3, 1, 4),
(5, 'Kosong', '3', 2, 1, 2),
(6, 'IUJK Kecil', '2', 2, 1, 4),
(7, 'IUJK Menengah/Besar', '3', 2, 1, 4),
(8, 'Tanpa IUJK', '4', 2, 1, 4),
(10, 'Memiliki NPWP', '2', 2, 1, 3),
(11, 'Tidak Memiliki NPWP', '4', 2, 1, 3),
(12, 'BUJPK', '4', 1, 1, 4),
(13, 'Tanpa BUJPK', '6', 1, 1, 4);

-- --------------------------------------------------------

--
-- Struktur dari tabel `pph_unit_bisnis`
--

CREATE TABLE `pph_unit_bisnis` (
  `unitBisnisId` int(11) NOT NULL,
  `nama` varchar(128) DEFAULT NULL,
  `userId` int(11) DEFAULT NULL,
  `parent` int(11) DEFAULT NULL
) ENGINE=MyISAM DEFAULT CHARSET=latin1;

-- --------------------------------------------------------

--
-- Struktur dari tabel `pph_wajib_pajak`
--

CREATE TABLE `pph_wajib_pajak` (
  `wajibPajakId` int(11) NOT NULL,
  `nama` varchar(128) DEFAULT NULL,
  `npwp` varchar(32) DEFAULT NULL,
  `alamat` varchar(1000) DEFAULT NULL,
  `statusNpwpId` int(1) DEFAULT NULL,
  `iujkId` int(11) DEFAULT NULL,
  `bujpkId` int(11) DEFAULT NULL,
  `statusWpId` int(1) DEFAULT NULL,
  `jenisWp` int(1) DEFAULT NULL,
  `user_id` int(11) DEFAULT NULL
) ENGINE=InnoDB DEFAULT CHARSET=latin1;

-- --------------------------------------------------------

--
-- Struktur dari tabel `profile`
--

CREATE TABLE `profile` (
  `user_id` int(11) NOT NULL,
  `name` varchar(255) COLLATE utf8_unicode_ci DEFAULT NULL,
  `public_email` varchar(255) COLLATE utf8_unicode_ci DEFAULT NULL,
  `gravatar_email` varchar(255) COLLATE utf8_unicode_ci DEFAULT NULL,
  `gravatar_id` varchar(32) COLLATE utf8_unicode_ci DEFAULT NULL,
  `location` varchar(255) COLLATE utf8_unicode_ci DEFAULT NULL,
  `website` varchar(255) COLLATE utf8_unicode_ci DEFAULT NULL,
  `bio` text COLLATE utf8_unicode_ci,
  `timezone` varchar(40) COLLATE utf8_unicode_ci DEFAULT NULL
) ENGINE=InnoDB DEFAULT CHARSET=utf8 COLLATE=utf8_unicode_ci;

--
-- Dumping data untuk tabel `profile`
--

INSERT INTO `profile` (`user_id`, `name`, `public_email`, `gravatar_email`, `gravatar_id`, `location`, `website`, `bio`, `timezone`) VALUES
(1, NULL, NULL, NULL, NULL, NULL, NULL, NULL, NULL),
(2, NULL, NULL, NULL, NULL, NULL, NULL, NULL, NULL),
(3, NULL, NULL, NULL, NULL, NULL, NULL, NULL, NULL),
(4, NULL, NULL, NULL, NULL, NULL, NULL, NULL, NULL),
(5, NULL, NULL, NULL, NULL, NULL, NULL, NULL, NULL),
(6, NULL, NULL, NULL, NULL, NULL, NULL, NULL, NULL),
(7, NULL, NULL, NULL, NULL, NULL, NULL, NULL, NULL),
(8, NULL, NULL, NULL, NULL, NULL, NULL, NULL, NULL),
(9, NULL, NULL, NULL, NULL, NULL, NULL, NULL, NULL),
(10, NULL, NULL, NULL, NULL, NULL, NULL, NULL, NULL);

-- --------------------------------------------------------

--
-- Struktur dari tabel `role`
--

CREATE TABLE `role` (
  `id` int(11) NOT NULL,
  `role` varchar(255) DEFAULT NULL
) ENGINE=InnoDB DEFAULT CHARSET=latin1;

--
-- Dumping data untuk tabel `role`
--

INSERT INTO `role` (`id`, `role`) VALUES
(1, 'admin'),
(2, 'user');

-- --------------------------------------------------------

--
-- Struktur dari tabel `rules`
--

CREATE TABLE `rules` (
  `id` int(11) NOT NULL,
  `rule` varchar(255) DEFAULT NULL,
  `desc` text
) ENGINE=InnoDB DEFAULT CHARSET=latin1;

--
-- Dumping data untuk tabel `rules`
--

INSERT INTO `rules` (`id`, `rule`, `desc`) VALUES
(1, 'create_roles', 'Ability to create Role'),
(2, 'create_rules', 'Ability to create rules'),
(3, 'create_bukti_potong', NULL),
(4, 'remove_numb_bp', NULL),
(5, 'remove_data_bp', NULL),
(6, 'generate_numb_bp', NULL),
(7, 'change_calendar_status', NULL),
(8, 'create_calendar', NULL),
(9, 'remove_calendar', NULL),
(10, 'create_ability', NULL),
(11, 'create_arranger', NULL),
(12, 'update_roles', NULL),
(13, 'update_rules', NULL),
(14, 'update_arranger', NULL),
(15, 'update_ability', NULL),
(16, 'update_bp', NULL);

-- --------------------------------------------------------

--
-- Struktur dari tabel `setting`
--

CREATE TABLE `setting` (
  `settingId` int(11) NOT NULL,
  `npwpPemungutPajak` varchar(32) DEFAULT NULL,
  `namaPemungutPajak` varchar(128) DEFAULT NULL,
  `npwpPemungutPajakCabang` varchar(32) DEFAULT NULL,
  `kppTerdaftar` varchar(64) DEFAULT NULL,
  `kota` varchar(128) DEFAULT NULL,
  `nama` varchar(64) DEFAULT NULL,
  `jabatan` varchar(64) DEFAULT NULL,
  `userId` int(11) DEFAULT NULL,
  `pasalId` int(1) DEFAULT NULL,
  `prefixNomorBP` varchar(32) DEFAULT NULL,
  `prefixNomorBP_23` varchar(32) DEFAULT NULL,
  `prefixNomorBP_4` varchar(32) DEFAULT NULL,
  `digitNomorBP` int(4) DEFAULT NULL,
  `digitNomorBP_23` int(4) DEFAULT NULL,
  `digitNomorBP_4` int(4) DEFAULT NULL,
  `startNomorBP` varchar(11) DEFAULT NULL,
  `startNomorBP_23` varchar(11) DEFAULT NULL,
  `startNomorBP_4` varchar(11) DEFAULT NULL,
  `pasal21` tinyint(1) DEFAULT NULL,
  `pasal22` tinyint(1) DEFAULT NULL,
  `pasal23_jasa` tinyint(1) DEFAULT NULL,
  `pasal23_sewa` tinyint(1) DEFAULT NULL,
  `pasal4_jasa` tinyint(1) DEFAULT NULL,
  `pasal4_sewa` tinyint(1) DEFAULT NULL,
  `pasal4_perencana` tinyint(1) DEFAULT NULL
) ENGINE=MyISAM DEFAULT CHARSET=latin1;

--
-- Dumping data untuk tabel `setting`
--

INSERT INTO `setting` (`settingId`, `npwpPemungutPajak`, `namaPemungutPajak`, `npwpPemungutPajakCabang`, `kppTerdaftar`, `kota`, `nama`, `jabatan`, `userId`, `pasalId`, `prefixNomorBP`, `prefixNomorBP_23`, `prefixNomorBP_4`, `digitNomorBP`, `digitNomorBP_23`, `digitNomorBP_4`, `startNomorBP`, `startNomorBP_23`, `startNomorBP_4`, `pasal21`, `pasal22`, `pasal23_jasa`, `pasal23_sewa`, `pasal4_jasa`, `pasal4_sewa`, `pasal4_perencana`) VALUES
(1, '010016756093001', 'PT WASKITA (PERSEROAN TERBATAS)', '123123121221231', 'Medan', 'JAKARTA', 'CAHYA ANWAR', 'TAX - ACCOUNTING', 1, NULL, 'MDN/D3/SN1B/P22', '', 'MDN/D3/SN1B/P42', 4, NULL, 4, '0001', '', '0001', 0, 0, 0, 0, 0, 1, NULL),
(2, NULL, NULL, '010016757062802', 'SOLO', 'JAKARTA', 'KEVIN PARDOSI', 'ACCOUNTING-MANAGER', 2, NULL, 'PASAL22/D3/SN1B/P22', 'PASAL23/D3/SN1B/P22', 'PASAL4AYAT2/D3/SN1B/P22', 3, 3, 3, '050', '000', '100', 0, 1, 0, 1, 1, 1, NULL),
(5, NULL, NULL, '', 'Pratama Manado', 'Manado', 'Hendra Sumarso, SE', 'Tax - Manager', 3, NULL, 'MND/D3/SN1B/P22', '', '', 3, NULL, NULL, '001', '', '', 0, 0, 0, 0, 0, 0, NULL),
(3, NULL, NULL, NULL, NULL, 'SURABAYA', 'Erick Ginanjar, SE', 'Tax - Manager', 4, NULL, 'SBY/D3/SN1B/P22', NULL, NULL, 3, NULL, NULL, '001', NULL, NULL, NULL, NULL, NULL, NULL, NULL, NULL, NULL),
(4, NULL, NULL, NULL, NULL, 'BANDUNG', 'Charlie Kurniawan, SE', 'TAX - ACCOUNTING', 5, NULL, 'BDG/D3/SN1B/P22', NULL, NULL, 3, NULL, NULL, '001', NULL, NULL, NULL, NULL, NULL, NULL, NULL, NULL, NULL),
(6, NULL, NULL, NULL, NULL, 'Papua', 'Andra Gunawan', 'Tax - Manager', 6, NULL, 'PPA/D3/SN1B/P22', NULL, NULL, 3, NULL, NULL, '010', NULL, NULL, NULL, NULL, NULL, NULL, NULL, NULL, NULL),
(7, NULL, NULL, NULL, NULL, 'Padang', 'Hery Wahyudi', 'TAX - ACCOUNTING', 8, NULL, 'PDG/D3/SN1B/P22', NULL, NULL, 3, NULL, NULL, '001', NULL, NULL, NULL, NULL, NULL, NULL, NULL, NULL, NULL),
(8, NULL, NULL, NULL, NULL, 'Yogyakarta', 'Dieng Nawi', 'ACCOUNTING-MANAGER', 7, NULL, 'DJG/D3/SN1B/P22', NULL, NULL, 3, NULL, NULL, '001', NULL, NULL, NULL, NULL, NULL, NULL, NULL, NULL, NULL),
(9, NULL, NULL, '172716712721781', 'JOGJA', 'JOGJA', 'Leonard', 'Tax - Manager', 9, NULL, 'JGJ/D3/SN1B/P22', 'JGJ/D3/SN1B/P23', 'JGJ/D3/SN1B/P4', 3, 4, 4, '001', '0001', '0100', 0, 0, 0, 0, 1, 0, NULL);

-- --------------------------------------------------------

--
-- Struktur dari tabel `social_account`
--

CREATE TABLE `social_account` (
  `id` int(11) NOT NULL,
  `user_id` int(11) DEFAULT NULL,
  `provider` varchar(255) COLLATE utf8_unicode_ci NOT NULL,
  `client_id` varchar(255) COLLATE utf8_unicode_ci NOT NULL,
  `data` text COLLATE utf8_unicode_ci,
  `code` varchar(32) COLLATE utf8_unicode_ci DEFAULT NULL,
  `created_at` int(11) DEFAULT NULL,
  `email` varchar(255) COLLATE utf8_unicode_ci DEFAULT NULL,
  `username` varchar(255) COLLATE utf8_unicode_ci DEFAULT NULL
) ENGINE=InnoDB DEFAULT CHARSET=utf8 COLLATE=utf8_unicode_ci;

-- --------------------------------------------------------

--
-- Struktur dari tabel `token`
--

CREATE TABLE `token` (
  `user_id` int(11) NOT NULL,
  `code` varchar(32) COLLATE utf8_unicode_ci NOT NULL,
  `created_at` int(11) NOT NULL,
  `type` smallint(6) NOT NULL
) ENGINE=InnoDB DEFAULT CHARSET=utf8 COLLATE=utf8_unicode_ci;

-- --------------------------------------------------------

--
-- Struktur dari tabel `user`
--

CREATE TABLE `user` (
  `id` int(11) NOT NULL,
  `username` varchar(255) COLLATE utf8_unicode_ci NOT NULL,
  `email` varchar(255) COLLATE utf8_unicode_ci NOT NULL,
  `password_hash` varchar(60) COLLATE utf8_unicode_ci NOT NULL,
  `auth_key` varchar(32) COLLATE utf8_unicode_ci NOT NULL,
  `confirmed_at` int(11) DEFAULT NULL,
  `unconfirmed_email` varchar(255) COLLATE utf8_unicode_ci DEFAULT NULL,
  `blocked_at` int(11) DEFAULT NULL,
  `registration_ip` varchar(45) COLLATE utf8_unicode_ci DEFAULT NULL,
  `created_at` int(11) NOT NULL,
  `updated_at` int(11) NOT NULL,
  `flags` int(11) NOT NULL DEFAULT '0',
  `last_login_at` int(11) DEFAULT NULL,
  `parentId` int(11) DEFAULT NULL,
  `separatedBy` varchar(1) COLLATE utf8_unicode_ci DEFAULT NULL
) ENGINE=InnoDB DEFAULT CHARSET=utf8 COLLATE=utf8_unicode_ci;

--
-- Dumping data untuk tabel `user`
--

INSERT INTO `user` (`id`, `username`, `email`, `password_hash`, `auth_key`, `confirmed_at`, `unconfirmed_email`, `blocked_at`, `registration_ip`, `created_at`, `updated_at`, `flags`, `last_login_at`, `parentId`, `separatedBy`) VALUES
(1, 'admin', 'kevin@abc.com', '$2y$10$b0PmVI2iECz8OtsY3HCGCO6Hkeh5yI3V1RL5grPUsm0uo6O5iB28.', 'mQ1daOJVJCI5bMEKA3OZXw20IM6CUba5', 1503126388, NULL, NULL, '::1', 1503126389, 1503126389, 0, 1514497967, 1, ';'),
(2, 'kevin', 'if313100@gmail.com', '$2y$13$qSSthjv6FWSwnsIqTjgRDezWWWcJU9PaxrmKvnRaoKUVg3CXIV5ry', 'XhNb20FnekRGWeLYlI2MjtLiLnCfLU5k', 1503126694, NULL, NULL, '::1', 1503126694, 1503126694, 0, 1514494935, 1, ';'),
(3, 'melati', 'melati@hgm.com', '$2y$12$ovPuT1boHNcAk.3CY/wV3eetFlkGrwtBYwqcqkmITRpEIZfeK1KQa', 'N9Ql7mBMNCYX5nUMMRw3tTenZYtjeoGq', 1507262875, NULL, NULL, '::1', 1507262875, 1507262876, 0, 1514471620, 1, ';'),
(4, 'mawar', 'mawar@abc.id', '$2y$12$u4Y3KxYC2kKvyLQ0zRAGT.uEMlPSBf1l7Bitobs07PX9L5R001oV.', 'q0fU1tjiUPaAr22CgI6PCx5VGOzph_6K', 1507502624, NULL, NULL, '::1', 1507502624, 1507502625, 0, 1507678968, 1, ';'),
(5, 'henry', 'henry.dwa@gmail.com', '$2y$12$p4tGxAxZhtxhoLROUc/AdePAIMQ0gl3YmpcdGVAGWNOGwfFuasv4.', '0jUfBUDn3mk5qDsE5Z8Ennk4I8fK0XL2', 1507548617, NULL, NULL, '127.0.0.1', 1507548617, 1507548618, 0, 1514496738, 1, ';'),
(6, 'lily', 'lily@abc.com', '$2y$12$HyG8d2hXbMVKppTGVrfVEeDJBK9CtJ.19gzNyzaozvyJjDfJK9aR2', 'ujoL_5vu4OAcXRd6lXYkylvjycRBAcdo', 1507674399, NULL, NULL, '::1', 1507674399, 1507674401, 0, 1508226928, 1, ';'),
(7, 'tulip', 'tulip@abc.com', '$2y$12$AGuclOadx6Gc9UMdlsw6JO8XujRiiukfvFVFjS6c4Wo/GMcwkniAy', 'mXBaVqClEHHWG7lBX1wFJC3H1gxy0xbU', 1507868888, NULL, NULL, '::1', 1507868888, 1507868889, 0, NULL, 1, ';'),
(8, 'anggrek', 'anggrek@abc.com', '$2y$12$.gD3Ey8RvIAO4ydJBX6NAuD/jtCWG/.pzBbBdx/3qeag/5nyURXFm', 'Oz8kUyeBZhEowD4Qt9vVDEClyUsBW6c3', 1507870026, NULL, NULL, '::1', 1507870026, 1507870028, 0, 1507876234, 1, ';'),
(9, 'calista', 'Calista@abc.com', '$2y$12$WCHsLPY5TJK36VQX.7cqgu98B7XbI7zcggQNDft4OcQHu743cqsh.', '5UyFOdlH-LO_uDwLa6AEWlNNRV9hcBpw', 1508110253, NULL, NULL, '::1', 1508110253, 1508110255, 0, NULL, 1, ';'),
(10, 'dandelion', 'dandelion@abc.com', '$2y$12$9q5T6eHPKwPhF9W5uQCL0.Pm3sS5VAMGM51eTQrdXyBQ1Qw4RTvVq', 'KAYKNi3cDcXQY2ngliFhe70LAGi9xNGP', 1510550976, NULL, NULL, '::1', 1510550976, 1510550977, 0, NULL, 1, ';');

--
-- Indexes for dumped tables
--

--
-- Indexes for table `ability`
--
ALTER TABLE `ability`
  ADD PRIMARY KEY (`id`);

--
-- Indexes for table `arranger`
--
ALTER TABLE `arranger`
  ADD PRIMARY KEY (`id`);

--
-- Indexes for table `auth_assignment`
--
ALTER TABLE `auth_assignment`
  ADD PRIMARY KEY (`item_name`,`user_id`);

--
-- Indexes for table `auth_item`
--
ALTER TABLE `auth_item`
  ADD PRIMARY KEY (`name`),
  ADD KEY `rule_name` (`rule_name`),
  ADD KEY `idx-auth_item-type` (`type`);

--
-- Indexes for table `auth_item_child`
--
ALTER TABLE `auth_item_child`
  ADD PRIMARY KEY (`parent`,`child`),
  ADD KEY `child` (`child`);

--
-- Indexes for table `auth_rule`
--
ALTER TABLE `auth_rule`
  ADD PRIMARY KEY (`name`);

--
-- Indexes for table `master_pegawai`
--
ALTER TABLE `master_pegawai`
  ADD PRIMARY KEY (`pegawaiId`);

--
-- Indexes for table `master_penghasilan`
--
ALTER TABLE `master_penghasilan`
  ADD PRIMARY KEY (`penghasilanId`);

--
-- Indexes for table `menu`
--
ALTER TABLE `menu`
  ADD PRIMARY KEY (`id`),
  ADD KEY `parent` (`parent`);

--
-- Indexes for table `migration`
--
ALTER TABLE `migration`
  ADD PRIMARY KEY (`version`);

--
-- Indexes for table `options`
--
ALTER TABLE `options`
  ADD PRIMARY KEY (`optionsId`);

--
-- Indexes for table `pph_berkas`
--
ALTER TABLE `pph_berkas`
  ADD PRIMARY KEY (`berkasId`);

--
-- Indexes for table `pph_bujpk`
--
ALTER TABLE `pph_bujpk`
  ADD PRIMARY KEY (`bujpkId`);

--
-- Indexes for table `pph_bukti_potong`
--
ALTER TABLE `pph_bukti_potong`
  ADD PRIMARY KEY (`buktiPotongId`);

--
-- Indexes for table `pph_calendar`
--
ALTER TABLE `pph_calendar`
  ADD PRIMARY KEY (`calendarId`),
  ADD KEY `calendarId` (`calendarId`);

--
-- Indexes for table `pph_iujk`
--
ALTER TABLE `pph_iujk`
  ADD PRIMARY KEY (`iujkId`);

--
-- Indexes for table `pph_jasa_konstruksi`
--
ALTER TABLE `pph_jasa_konstruksi`
  ADD PRIMARY KEY (`jasaKonstruksiId`);

--
-- Indexes for table `pph_jenis_bisnis`
--
ALTER TABLE `pph_jenis_bisnis`
  ADD PRIMARY KEY (`jenisBisnisId`);

--
-- Indexes for table `pph_jenis_kelamin`
--
ALTER TABLE `pph_jenis_kelamin`
  ADD PRIMARY KEY (`jenisKelaminId`);

--
-- Indexes for table `pph_jenis_penghasilan`
--
ALTER TABLE `pph_jenis_penghasilan`
  ADD PRIMARY KEY (`jenisPenghasilanId`);

--
-- Indexes for table `pph_jenis_wajib_pajak`
--
ALTER TABLE `pph_jenis_wajib_pajak`
  ADD PRIMARY KEY (`jenisWajibPajakId`);

--
-- Indexes for table `pph_masa`
--
ALTER TABLE `pph_masa`
  ADD PRIMARY KEY (`masaId`);

--
-- Indexes for table `pph_nomor_bukti_potong`
--
ALTER TABLE `pph_nomor_bukti_potong`
  ADD PRIMARY KEY (`nomorBuktiPotongId`);

--
-- Indexes for table `pph_pasal`
--
ALTER TABLE `pph_pasal`
  ADD PRIMARY KEY (`pasalId`);

--
-- Indexes for table `pph_status_kawin`
--
ALTER TABLE `pph_status_kawin`
  ADD PRIMARY KEY (`statusKawinId`);

--
-- Indexes for table `pph_status_kerja`
--
ALTER TABLE `pph_status_kerja`
  ADD PRIMARY KEY (`statusKerjaId`);

--
-- Indexes for table `pph_status_npwp`
--
ALTER TABLE `pph_status_npwp`
  ADD PRIMARY KEY (`npwpId`);

--
-- Indexes for table `pph_status_vendor`
--
ALTER TABLE `pph_status_vendor`
  ADD PRIMARY KEY (`statusVendorId`);

--
-- Indexes for table `pph_tarif`
--
ALTER TABLE `pph_tarif`
  ADD PRIMARY KEY (`tarifId`);

--
-- Indexes for table `pph_unit_bisnis`
--
ALTER TABLE `pph_unit_bisnis`
  ADD PRIMARY KEY (`unitBisnisId`);

--
-- Indexes for table `pph_wajib_pajak`
--
ALTER TABLE `pph_wajib_pajak`
  ADD PRIMARY KEY (`wajibPajakId`);

--
-- Indexes for table `profile`
--
ALTER TABLE `profile`
  ADD PRIMARY KEY (`user_id`);

--
-- Indexes for table `role`
--
ALTER TABLE `role`
  ADD PRIMARY KEY (`id`);

--
-- Indexes for table `rules`
--
ALTER TABLE `rules`
  ADD PRIMARY KEY (`id`);

--
-- Indexes for table `setting`
--
ALTER TABLE `setting`
  ADD PRIMARY KEY (`settingId`);

--
-- Indexes for table `social_account`
--
ALTER TABLE `social_account`
  ADD PRIMARY KEY (`id`),
  ADD UNIQUE KEY `account_unique` (`provider`,`client_id`),
  ADD UNIQUE KEY `account_unique_code` (`code`),
  ADD KEY `fk_user_account` (`user_id`);

--
-- Indexes for table `token`
--
ALTER TABLE `token`
  ADD UNIQUE KEY `token_unique` (`user_id`,`code`,`type`);

--
-- Indexes for table `user`
--
ALTER TABLE `user`
  ADD PRIMARY KEY (`id`),
  ADD UNIQUE KEY `user_unique_username` (`username`),
  ADD UNIQUE KEY `user_unique_email` (`email`);

--
-- AUTO_INCREMENT for dumped tables
--

--
-- AUTO_INCREMENT for table `ability`
--
ALTER TABLE `ability`
  MODIFY `id` int(11) NOT NULL AUTO_INCREMENT, AUTO_INCREMENT=18;
--
-- AUTO_INCREMENT for table `arranger`
--
ALTER TABLE `arranger`
  MODIFY `id` int(11) NOT NULL AUTO_INCREMENT, AUTO_INCREMENT=5;
--
-- AUTO_INCREMENT for table `master_pegawai`
--
ALTER TABLE `master_pegawai`
  MODIFY `pegawaiId` int(11) NOT NULL AUTO_INCREMENT, AUTO_INCREMENT=12;
--
-- AUTO_INCREMENT for table `master_penghasilan`
--
ALTER TABLE `master_penghasilan`
  MODIFY `penghasilanId` int(11) NOT NULL AUTO_INCREMENT, AUTO_INCREMENT=27;
--
-- AUTO_INCREMENT for table `menu`
--
ALTER TABLE `menu`
  MODIFY `id` int(11) NOT NULL AUTO_INCREMENT;
--
-- AUTO_INCREMENT for table `options`
--
ALTER TABLE `options`
  MODIFY `optionsId` int(11) NOT NULL AUTO_INCREMENT, AUTO_INCREMENT=2;
--
-- AUTO_INCREMENT for table `pph_berkas`
--
ALTER TABLE `pph_berkas`
  MODIFY `berkasId` int(11) NOT NULL AUTO_INCREMENT;
--
-- AUTO_INCREMENT for table `pph_bujpk`
--
ALTER TABLE `pph_bujpk`
  MODIFY `bujpkId` int(11) NOT NULL AUTO_INCREMENT, AUTO_INCREMENT=3;
--
-- AUTO_INCREMENT for table `pph_bukti_potong`
--
ALTER TABLE `pph_bukti_potong`
  MODIFY `buktiPotongId` int(11) NOT NULL AUTO_INCREMENT, AUTO_INCREMENT=4;
--
-- AUTO_INCREMENT for table `pph_calendar`
--
ALTER TABLE `pph_calendar`
  MODIFY `calendarId` int(11) NOT NULL AUTO_INCREMENT, AUTO_INCREMENT=6;
--
-- AUTO_INCREMENT for table `pph_iujk`
--
ALTER TABLE `pph_iujk`
  MODIFY `iujkId` int(11) NOT NULL AUTO_INCREMENT, AUTO_INCREMENT=2;
--
-- AUTO_INCREMENT for table `pph_jasa_konstruksi`
--
ALTER TABLE `pph_jasa_konstruksi`
  MODIFY `jasaKonstruksiId` int(11) NOT NULL AUTO_INCREMENT;
--
-- AUTO_INCREMENT for table `pph_jenis_bisnis`
--
ALTER TABLE `pph_jenis_bisnis`
  MODIFY `jenisBisnisId` int(11) NOT NULL AUTO_INCREMENT;
--
-- AUTO_INCREMENT for table `pph_jenis_kelamin`
--
ALTER TABLE `pph_jenis_kelamin`
  MODIFY `jenisKelaminId` int(11) NOT NULL AUTO_INCREMENT, AUTO_INCREMENT=4;
--
-- AUTO_INCREMENT for table `pph_jenis_penghasilan`
--
ALTER TABLE `pph_jenis_penghasilan`
  MODIFY `jenisPenghasilanId` int(11) NOT NULL AUTO_INCREMENT, AUTO_INCREMENT=101;
--
-- AUTO_INCREMENT for table `pph_jenis_wajib_pajak`
--
ALTER TABLE `pph_jenis_wajib_pajak`
  MODIFY `jenisWajibPajakId` int(11) NOT NULL AUTO_INCREMENT, AUTO_INCREMENT=3;
--
-- AUTO_INCREMENT for table `pph_masa`
--
ALTER TABLE `pph_masa`
  MODIFY `masaId` int(11) NOT NULL AUTO_INCREMENT;
--
-- AUTO_INCREMENT for table `pph_nomor_bukti_potong`
--
ALTER TABLE `pph_nomor_bukti_potong`
  MODIFY `nomorBuktiPotongId` int(11) NOT NULL AUTO_INCREMENT, AUTO_INCREMENT=36;
--
-- AUTO_INCREMENT for table `pph_pasal`
--
ALTER TABLE `pph_pasal`
  MODIFY `pasalId` int(1) NOT NULL AUTO_INCREMENT, AUTO_INCREMENT=5;
--
-- AUTO_INCREMENT for table `pph_status_kawin`
--
ALTER TABLE `pph_status_kawin`
  MODIFY `statusKawinId` int(11) NOT NULL AUTO_INCREMENT, AUTO_INCREMENT=7;
--
-- AUTO_INCREMENT for table `pph_status_kerja`
--
ALTER TABLE `pph_status_kerja`
  MODIFY `statusKerjaId` int(1) NOT NULL AUTO_INCREMENT, AUTO_INCREMENT=4;
--
-- AUTO_INCREMENT for table `pph_status_npwp`
--
ALTER TABLE `pph_status_npwp`
  MODIFY `npwpId` int(1) NOT NULL AUTO_INCREMENT, AUTO_INCREMENT=5;
--
-- AUTO_INCREMENT for table `pph_status_vendor`
--
ALTER TABLE `pph_status_vendor`
  MODIFY `statusVendorId` int(11) NOT NULL AUTO_INCREMENT, AUTO_INCREMENT=5;
--
-- AUTO_INCREMENT for table `pph_tarif`
--
ALTER TABLE `pph_tarif`
  MODIFY `tarifId` int(2) NOT NULL AUTO_INCREMENT, AUTO_INCREMENT=14;
--
-- AUTO_INCREMENT for table `pph_unit_bisnis`
--
ALTER TABLE `pph_unit_bisnis`
  MODIFY `unitBisnisId` int(11) NOT NULL AUTO_INCREMENT;
--
-- AUTO_INCREMENT for table `pph_wajib_pajak`
--
ALTER TABLE `pph_wajib_pajak`
  MODIFY `wajibPajakId` int(11) NOT NULL AUTO_INCREMENT, AUTO_INCREMENT=16;
--
-- AUTO_INCREMENT for table `role`
--
ALTER TABLE `role`
  MODIFY `id` int(11) NOT NULL AUTO_INCREMENT, AUTO_INCREMENT=3;
--
-- AUTO_INCREMENT for table `rules`
--
ALTER TABLE `rules`
  MODIFY `id` int(11) NOT NULL AUTO_INCREMENT, AUTO_INCREMENT=17;
--
-- AUTO_INCREMENT for table `setting`
--
ALTER TABLE `setting`
  MODIFY `settingId` int(11) NOT NULL AUTO_INCREMENT, AUTO_INCREMENT=10;
--
-- AUTO_INCREMENT for table `social_account`
--
ALTER TABLE `social_account`
  MODIFY `id` int(11) NOT NULL AUTO_INCREMENT;
--
-- AUTO_INCREMENT for table `user`
--
ALTER TABLE `user`
  MODIFY `id` int(11) NOT NULL AUTO_INCREMENT, AUTO_INCREMENT=11;
--
-- Ketidakleluasaan untuk tabel pelimpahan (Dumped Tables)
--

--
-- Ketidakleluasaan untuk tabel `auth_assignment`
--
ALTER TABLE `auth_assignment`
  ADD CONSTRAINT `auth_assignment_ibfk_1` FOREIGN KEY (`item_name`) REFERENCES `auth_item` (`name`) ON DELETE CASCADE ON UPDATE CASCADE;

--
-- Ketidakleluasaan untuk tabel `auth_item`
--
ALTER TABLE `auth_item`
  ADD CONSTRAINT `auth_item_ibfk_1` FOREIGN KEY (`rule_name`) REFERENCES `auth_rule` (`name`) ON DELETE SET NULL ON UPDATE CASCADE;

--
-- Ketidakleluasaan untuk tabel `auth_item_child`
--
ALTER TABLE `auth_item_child`
  ADD CONSTRAINT `auth_item_child_ibfk_1` FOREIGN KEY (`parent`) REFERENCES `auth_item` (`name`) ON DELETE CASCADE ON UPDATE CASCADE,
  ADD CONSTRAINT `auth_item_child_ibfk_2` FOREIGN KEY (`child`) REFERENCES `auth_item` (`name`) ON DELETE CASCADE ON UPDATE CASCADE;

--
-- Ketidakleluasaan untuk tabel `menu`
--
ALTER TABLE `menu`
  ADD CONSTRAINT `menu_ibfk_1` FOREIGN KEY (`parent`) REFERENCES `menu` (`id`) ON DELETE SET NULL ON UPDATE CASCADE;

--
-- Ketidakleluasaan untuk tabel `profile`
--
ALTER TABLE `profile`
  ADD CONSTRAINT `fk_user_profile` FOREIGN KEY (`user_id`) REFERENCES `user` (`id`) ON DELETE CASCADE;

--
-- Ketidakleluasaan untuk tabel `social_account`
--
ALTER TABLE `social_account`
  ADD CONSTRAINT `fk_user_account` FOREIGN KEY (`user_id`) REFERENCES `user` (`id`) ON DELETE CASCADE;

--
-- Ketidakleluasaan untuk tabel `token`
--
ALTER TABLE `token`
  ADD CONSTRAINT `fk_user_token` FOREIGN KEY (`user_id`) REFERENCES `user` (`id`) ON DELETE CASCADE;

/*!40101 SET CHARACTER_SET_CLIENT=@OLD_CHARACTER_SET_CLIENT */;
/*!40101 SET CHARACTER_SET_RESULTS=@OLD_CHARACTER_SET_RESULTS */;
/*!40101 SET COLLATION_CONNECTION=@OLD_COLLATION_CONNECTION */;
